Phase_deg,Time_s,Placeholder
2.5345045258819962e-15,1755679829.64,0
9.869917600030218,1755679830.7,0
19.755893459280355,1755679831.48,0
29.630969951759493,1755679832.58,0
39.58409661461827,1755679833.44,0
49.1953667459481,1755679833.74,0
58.97838289326673,1755679834.16,0
69.18796823361065,1755679834.98,0
