Phase_deg,Time_s,Placeholder
-7.953785678071479e-16,1755687261.5,0
9.430831437195154,1755687261.92,0
19.473836544438406,1755687262.36,0
29.454485578883165,1755687262.76,0
39.141310886480404,1755687263.17,0
48.89311505956598,1755687263.72,0
58.64957440622486,1755687264.12,0
