Phase_deg,Time_s,Placeholder
8.455093419302607e-16,1755686204.22,0
9.763092055650413,1755686211.74,0
19.716530859355103,1755686212.19,0
29.590749260529286,1755686212.66,0
39.58155577562217,1755686213.41,0
49.48957275502171,1755686213.85,0
59.28615684862852,1755686214.31,0
61.683579785231494,1755686215.03,0
62.301121244740955,1755686215.03,0
62.54983996168268,1755686215.03,0
