Phase_deg,Time_s,Placeholder
6.96024878555102e-16,1755679829.64,0
9.809206150326084,1755679830.7,0
19.63267464265297,1755679831.48,0
29.548781796080913,1755679832.58,0
39.308141195816546,1755679833.44,0
49.32971124163215,1755679833.74,0
59.1116160833992,1755679834.16,0
