Phase_deg,Time_s,Placeholder
5.997738977486969e-16,1755689820.25,0
8.861657166030191,1755689823.93,0
18.944934306532993,1755689824.28,0
28.819166725222875,1755689824.79,0
38.29065527672139,1755689824.95,0
48.13061109973001,1755689825.42,0
58.595083351104606,1755689826.41,0
102.85427947955955,1755689827.19,0
220.08595486243394,1755689827.209257,0
259.56358693706176,1755689827.4430926,0
347.3674649107442,1755689827.9631765,0
