Phase_deg,Time_s,Placeholder
6.773886790345923e-16,1755693836.22,0
9.917006854479462,1755693836.72,0
19.567488011204045,1755693836.94,0
29.626568888453097,1755693838.36,0
39.23929557864792,1755693838.82,0
50.028392793291474,1755693839.17,0
59.42800178577634,1755693839.65,0
14.372097719305927,1755693840.54,0
