Phase_deg,Time_s,Placeholder
-1.1929034177660521e-15,1755687163.71,0
9.974417696845713,1755687164.15,0
19.767756978774482,1755687164.57,0
29.61038224990486,1755687165.0,0
39.61962855022004,1755687165.43,0
50.068670957661425,1755687165.66,0
59.425505330566835,1755687166.64,0
