Phase_deg,Time_s,Placeholder
1.203328564446718e-15,1755686204.22,0
8.355055209107862,1755686211.74,0
18.248758858704125,1755686212.19,0
28.779043328527965,1755686212.66,0
37.3941814632964,1755686213.41,0
47.29371119399084,1755686213.85,0
57.43216099324408,1755686214.31,0
60.519069120583715,1755686215.03,0
66.55880831981538,1755686216.35,0
72.8831443641036,1755686218.05,0
76.68713788906614,1755686219.19,0
77.83491764961023,1755686219.19,0
78.4231995722002,1755686219.19,0
